ViewCount,ViewDate
256,7/16/18
372,12/15/18
367,10/1/18
572,5/4/19
1971,4/15/18
603,7/3/19
556,6/29/18
248,1/15/19
455,9/1/19
459,1/18/19
328,8/28/18
228,5/28/18
776,6/16/19
694,4/1/18
290,2/1/19
616,1/1/19
146,9/14/18
363,10/27/18
457,5/21/19
660,9/7/19
288,8/11/18
428,2/27/19
497,3/16/19
528,11/10/18
374,7/10/18
354,12/29/18
520,10/10/18
659,7/20/19
539,8/21/19
431,6/23/18
484,4/17/19
464,4/7/18
633,1/24/19
543,10/24/18
615,4/11/19
135,12/23/18
218,6/6/18
1723,9/23/18
463,7/26/19
755,7/9/19
381,5/24/19
281,4/24/18
225,2/10/19
353,9/20/18
337,6/20/18
611,4/28/19
142,5/20/18
718,10/7/18
419,6/7/19
2259,5/11/18
288,11/19/18
305,5/7/19
539,5/30/19
467,8/15/19
1518,6/3/18
242,2/4/19
350,8/19/18
383,2/21/19
255,8/2/18
280,11/2/18
403,3/8/19
234,12/6/18
620,7/29/19
477,3/29/18
424,8/12/19
393,3/25/19
453,8/29/19
512,4/25/19
803,3/30/18
242,6/15/18
245,9/15/18
362,10/16/18
535,7/4/19
481,8/4/19
427,1/16/19
757,7/18/19
418,4/3/19
1009,5/29/18
302,12/30/18
257,2/2/19
608,11/17/18
706,4/16/18
637,4/20/19
266,6/12/18
605,7/1/19
1058,5/3/18
476,9/29/18
578,8/7/19
353,1/27/19
465,5/22/19
225,5/26/18
444,3/14/19
27,8/26/18
676,9/12/18
322,7/25/18
559,10/25/18
526,3/31/19
603,7/21/19
366,2/28/19
143,11/28/18
361,3/17/19
546,11/11/18
8,3/21/18
140,12/24/18
502,7/27/19
753,7/8/18
555,4/26/19
443,10/8/18
381,1/7/19
928,6/25/19
158,6/21/18
282,12/7/18
1934,5/9/18
423,4/12/19
492,5/13/19
490,1/10/19
413,6/8/19
678,8/20/18
608,9/6/18
553,4/25/18
461,6/4/18
960,8/30/19
329,2/19/19
207,12/4/18
658,9/3/18
614,5/12/18
732,6/14/19
420,3/23/19
317,8/3/18
289,10/2/18
430,8/13/19
964,7/2/18
561,4/9/19
705,7/12/19
454,12/21/18
575,7/17/18
579,12/16/18
825,7/19/19
420,3/18/19
733,4/14/18
486,4/18/19
335,9/30/18
392,6/30/18
330,10/17/18
2193,5/1/18
561,6/17/19
221,11/29/18
758,5/5/19
428,2/17/19
335,6/13/18
918,5/31/19
1117,4/17/18
254,5/27/18
271,8/29/18
690,8/22/19
1189,5/4/18
304,11/12/18
150,8/12/18
327,6/6/19
213,11/26/18
361,3/15/19
297,7/26/18
421,2/11/19
550,5/20/19
249,12/13/18
490,4/1/19
259,8/9/18
327,7/9/18
504,8/5/19
390,1/8/19
550,6/26/19
391,10/23/18
391,3/26/19
191,6/7/18
7,3/22/18
523,7/10/19
732,11/9/18
778,4/8/18
833,5/21/18
726,4/27/19
606,6/9/19
1795,5/10/18
482,9/8/19
482,2/26/19
570,6/23/19
428,5/14/19
2106,9/21/18
414,1/25/19
512,8/21/18
433,5/18/18
440,3/6/19
516,8/31/19
393,2/20/19
828,9/4/18
284,2/3/19
404,7/13/19
350,12/22/18
446,8/18/18
410,11/20/18
707,11/3/18
314,8/1/18
505,3/9/19
374,4/2/19
234,12/31/18
470,6/18/19
941,3/31/18
207,6/14/18
291,11/1/18
261,7/15/18
501,4/19/19
774,6/1/19
711,7/2/19
725,9/13/18
2825,5/2/18
569,9/28/18
2237,6/28/18
383,5/6/19
493,2/18/19
530,10/15/18
963,6/15/19
309,1/17/19
412,5/15/19
562,7/27/18
278,2/12/19
508,8/6/19
354,1/26/19
603,8/23/19
289,8/27/18
336,12/14/18
671,8/20/19
427,8/10/18
470,10/26/18
637,9/6/19
335,7/24/18
729,4/6/18
613,11/27/18
422,3/1/19
1213,4/10/19
579,7/11/19
1715,9/22/18
468,6/22/18
801,4/23/18
416,5/12/19
451,1/23/19
9,3/23/18
725,7/7/18
426,10/9/18
502,6/24/19
694,9/5/18
285,6/5/18
734,4/9/18
433,1/9/19
540,5/23/19
398,2/9/19
196,5/19/18
324,11/4/18
465,4/26/18
250,8/4/18
278,11/18/18
609,5/29/19
606,8/14/19
427,7/18/18
438,3/7/19
348,11/21/18
436,3/24/19
615,10/18/18
553,7/28/19
299,12/5/18
1941,7/1/18
572,5/18/19
494,8/18/19
3855,4/30/18
454,3/2/19
265,11/30/18
466,3/19/19
504,9/4/19
277,7/30/18
424,8/31/18
575,7/17/19
353,11/16/18
325,4/5/19
228,10/30/18
289,7/13/18
566,8/1/19
761,3/5/19
426,9/11/18
357,12/12/18
451,4/14/19
865,4/18/18
388,1/12/19
589,7/23/19
240,6/26/18
529,7/6/19
353,12/26/18
304,11/13/18
1303,4/4/18
652,5/1/19
473,10/13/18
224,6/9/18
470,4/21/18
424,6/19/19
261,2/13/19
426,8/25/18
440,6/10/19
283,8/8/18
6237,5/8/18
444,8/22/18
488,2/24/19
262,11/22/18
622,9/8/18
269,7/22/18
383,2/7/19
501,8/9/19
504,3/28/19
360,12/9/18
366,8/5/18
521,10/4/18
197,1/4/19
503,3/22/19
310,7/19/18
390,6/30/19
4984,3/26/18
4780,4/27/18
267,12/3/18
327,6/17/18
1200,10/21/18
468,6/13/19
735,5/17/18
453,4/8/19
763,9/17/18
649,5/14/18
470,5/27/19
433,6/27/19
301,5/31/18
483,5/10/19
260,1/21/19
801,5/15/18
355,7/31/18
560,1/30/19
698,6/2/19
398,2/16/19
322,3/3/19
376,3/20/19
459,12/18/18
286,7/14/18
352,11/14/18
298,8/14/18
434,9/2/19
619,8/16/19
1002,7/28/18
175,12/1/18
1242,4/2/18
528,6/22/19
193,12/27/18
388,9/26/18
228,10/28/18
752,5/16/19
4434,4/19/18
468,7/11/18
404,6/5/19
486,11/25/18
308,9/9/18
610,9/5/19
964,5/6/18
310,6/24/18
684,5/2/19
480,5/19/19
1901,5/23/18
355,1/13/19
362,4/22/18
345,2/8/19
475,11/8/18
494,8/10/19
502,8/27/19
433,5/25/19
640,8/23/18
722,3/11/19
390,2/25/19
614,12/10/18
550,8/24/19
309,8/6/18
94,3/24/18
751,10/22/18
287,4/10/18
516,4/29/19
479,7/24/19
1604,7/5/18
458,7/15/19
429,4/6/19
591,6/18/18
325,10/5/18
354,11/5/18
331,1/19/19
668,3/27/18
286,4/23/19
391,8/17/18
617,6/28/19
263,6/1/18
289,2/22/19
372,2/5/19
1420,4/13/18
1373,10/19/18
836,6/11/19
461,1/31/19
391,10/31/18
481,5/30/18
671,8/19/19
176,8/15/18
323,1/2/19
476,4/4/19
404,7/29/18
619,10/14/18
442,12/2/18
463,8/2/19
396,7/16/19
1015,6/27/18
454,4/21/19
399,7/7/19
321,7/12/18
521,4/15/19
165,6/10/18
421,9/27/18
428,1/11/19
874,6/20/19
946,4/20/18
340,5/17/19
627,2/14/19
892,5/24/18
1235,4/5/18
915,9/24/18
354,1/14/19
352,9/10/18
430,1/28/19
494,10/11/18
477,6/3/19
1189,5/7/18
331,2/23/19
512,8/11/19
884,9/7/18
540,5/11/19
279,7/23/18
351,11/6/18
143,12/25/18
936,7/6/18
564,3/12/19
493,8/8/19
232,7/20/18
555,8/25/19
553,3/29/19
296,6/19/18
282,11/23/18
483,3/25/18
2786,4/11/18
1657,10/20/18
270,5/8/19
461,4/7/19
444,6/29/19
316,12/19/18
516,7/3/18
565,7/30/19
559,3/28/18
448,5/28/19
1526,4/28/18
428,8/28/19
468,4/24/19
439,1/22/19
211,6/16/18
758,9/1/18
725,10/3/18
172,1/5/19
1250,9/18/18
432,5/3/19
512,9/3/19
347,8/30/18
207,8/16/18
1530,5/16/18
473,9/16/18
553,2/15/19
563,8/3/19
556,10/29/18
538,8/17/19
428,3/4/19
411,3/21/19
229,12/17/18
384,11/15/18
331,8/13/18
256,6/11/18
448,3/30/19
379,4/30/19
1283,4/3/18
465,10/12/18
305,12/11/18
680,6/21/19
1291,5/5/18
374,5/25/18
526,7/22/19
182,6/25/18
376,1/29/19
705,7/5/19
491,8/24/18
428,4/16/19
529,6/4/19
179,6/8/18
225,12/28/18
541,9/25/18
494,5/26/19
484,8/26/19
403,3/10/19
488,12/8/18
2354,5/22/18
323,3/27/19
263,8/7/18
188,7/21/18
224,11/24/18
444,7/25/19
454,10/6/18
431,4/13/19
473,7/8/19
568,11/7/18
400,3/13/19
360,9/19/18
268,12/20/18
387,1/20/19
531,7/31/19
926,7/4/18
444,4/22/19
360,7/14/19
189,1/3/19
3500,6/2/18
1786,4/12/18
1465,5/13/18
598,1/6/19
377,5/9/19
341,2/6/19
666,6/12/19
817,9/2/18
804,4/29/18