PostId,ViewCount,LastModified
2135,16797,5/8/18 5:03 PM
1108,11171,8/11/19 2:19 PM
2134,8885,5/7/18 10:16 PM
2118,6421,4/30/18 12:54 AM
1024,5891,3/31/18 7:12 PM
1073,5625,9/2/19 12:07 PM
1074,4697,4/11/18 4:22 PM
4214,4066,6/28/18 11:48 AM
4304,4038,9/21/18 8:15 PM
4156,4025,5/21/18 6:11 PM
2120,3292,4/30/18 6:09 PM
1080,3277,4/13/18 10:40 PM
1041,3139,8/15/19 10:40 PM
4326,3095,10/18/18 10:50 PM
2121,2760,5/8/18 5:09 PM
3141,2691,5/11/18 10:23 AM
4174,2624,5/31/18 8:45 PM
4227,2321,7/4/18 11:31 PM
4276,2312,9/1/18 12:13 AM
3139,2286,5/10/18 5:56 PM
4221,2282,7/1/18 7:40 PM
1081,1891,4/13/18 9:56 PM
2124,1890,5/2/18 8:16 PM
1038,1807,3/31/18 10:51 AM
5507,1701,7/6/19 7:26 PM