No,Type,O,O1,O2,O3,O4,Real,C,T,B,P,S,Viol,Lie,VB,VT,VC,VS,VP,AVB,AVT,AVC,AVS,AVP,Int1,Int2
1,CT,1,1,1,1,1,0,0,0,0,1,1,1,0,0,0,0,1,1,0,0,0,0,0,1,0
2,CT,1,1,1,1,1,0,1,0,0,1,1,0,0,0,0,1,1,1,0,0,0,0,0,1,0
3,ST,1,1,1,0,1,0,1,0,0,1,1,1,1,0,0,1,1,1,0,0,0,0,0,1,0
4,ST,1,1,1,1,0,0,0,1,1,0,0,0,0,1,1,1,1,1,0,0,1,1,0,1,1
5,CT,1,1,1,1,0,0,0,0,1,1,1,0,0,1,0,0,0,1,0,0,0,0,0,1,0
6,CT,1,1,1,1,0,0,0,1,0,0,0,0,0,0,0,1,0,0,0,0,0,0,0,1,0
7,CT,1,1,1,0,0,0,1,0,0,0,0,0,0,0,0,1,0,0,0,0,0,0,0,0,1
8,CT,1,0,0,0,1,0,0,0,1,1,1,1,1,1,0,1,1,0,0,0,0,0,0,0,0
9,CT,0,0,0,0,1,1,0,0,0,1,1,1,0,0,0,0,1,1,0,0,0,0,0,1,0
10,CT,0,0,0,0,1,0,0,1,1,0,1,1,0,1,1,0,1,0,0,1,1,1,0,0,0
11,ST,0,1,0,1,1,0,1,1,1,0,1,0,0,1,0,1,1,0,0,0,0,0,0,1,1
12,ST,1,1,1,1,0,1,1,1,0,1,0,0,0,0,1,1,0,1,0,0,0,0,0,1,0
13,ST,0,0,0,0,0,1,1,1,0,1,0,1,1,0,0,0,0,0,0,0,1,0,1,1,0
14,ST,0,0,0,0,0,1,1,0,1,1,0,0,1,0,0,1,1,1,1,0,0,0,0,1,0
15,ST,1,1,1,1,1,0,1,1,0,1,1,0,0,0,1,1,0,1,0,0,0,0,1,1,0
16,ST,0,0,0,0,0,0,1,1,0,1,1,1,1,0,0,0,0,0,1,1,0,0,1,1,0
17,ST,0,0,0,0,0,0,0,1,0,1,1,0,0,0,0,0,0,0,1,0,0,0,1,0,1
18,ST,0,0,0,0,0,0,1,1,1,0,0,0,0,1,1,0,0,0,0,1,1,0,0,1,0
19,ST,0,0,0,0,0,0,1,1,1,1,0,0,1,0,0,0,0,0,1,1,0,1,1,0,1
20,ST,0,0,0,0,0,0,1,1,1,1,0,0,0,1,1,1,1,1,0,0,0,0,0,0,1
21,CT,1,1,1,1,1,0,1,0,0,1,1,0,0,0,0,0,0,1,0,0,1,1,0,1,1
22,CT,1,1,1,1,1,1,1,0,0,0,1,1,1,0,0,1,1,0,1,0,1,1,0,0,1
23,CT,1,0,0,1,1,0,1,0,0,1,1,0,1,0,0,1,0,1,0,0,1,0,0,0,1
24,CT,1,1,1,1,1,1,0,1,0,1,1,1,0,0,0,0,1,1,0,0,0,0,0,0,0
25,CT,0,0,0,0,0,1,0,1,0,1,1,1,0,0,0,0,0,1,0,0,0,1,0,0,0
26,CT,1,1,1,1,1,1,1,0,0,0,1,1,0,0,0,1,1,0,0,0,0,0,0,1,0
27,CT,0,0,0,0,0,1,1,0,1,1,1,1,0,0,0,1,1,1,1,0,0,0,0,1,0
28,CT,0,1,0,0,1,1,1,0,0,1,1,0,1,0,0,1,1,1,0,0,1,1,1,1,0
29,CT,0,0,0,1,1,1,1,0,0,1,1,0,0,0,0,1,1,1,0,0,0,0,0,1,0
30,CT,0,0,0,0,1,1,1,0,0,1,0,0,0,0,0,1,0,1,0,0,1,0,0,0,0
31,CT,0,0,0,0,0,1,1,0,0,1,0,0,1,0,0,0,0,1,0,0,1,0,1,0,0
32,CT,0,0,0,0,0,1,1,1,0,0,1,1,0,0,1,1,1,0,0,0,0,0,0,1,0
33,CT,1,1,1,1,1,1,0,0,0,1,0,0,0,0,0,0,0,1,0,0,0,0,0,1,0
34,CT,1,1,1,1,1,1,0,0,0,1,1,0,0,0,0,0,0,1,0,0,0,0,0,1,0
35,CT,1,1,1,1,1,1,0,1,0,1,1,1,0,0,1,0,0,1,0,0,0,0,0,0,0
36,CT,1,1,1,1,1,1,0,1,0,1,1,0,0,0,1,0,0,1,0,0,0,0,0,1,1
37,CT,1,0,0,0,1,1,1,0,0,1,1,1,0,0,0,1,1,1,0,0,0,0,0,0,0
38,CT,1,1,1,1,1,1,0,0,1,1,0,0,0,1,0,0,0,1,1,0,0,0,1,1,0
39,CT,1,1,1,1,1,1,0,0,0,0,1,1,0,0,0,0,0,0,1,0,0,0,0,0,1
40,CT,1,1,1,1,1,1,1,0,0,1,1,0,0,0,0,1,1,1,0,0,0,0,0,1,0
41,CT,1,1,1,1,1,1,1,1,1,0,1,1,0,1,1,1,1,1,1,0,0,0,0,1,1
42,CT,1,1,1,1,1,1,1,1,1,0,1,0,0,1,1,0,0,0,0,0,0,0,0,0,0
43,CT,1,1,1,1,1,1,1,1,1,0,0,0,0,1,1,1,0,0,0,0,0,0,0,0,0
44,CT,1,1,1,1,1,1,1,1,1,0,1,0,0,1,1,1,1,0,0,0,0,0,0,0,0
45,CT,1,1,1,0,1,1,0,0,1,1,1,0,0,1,0,1,1,1,0,0,0,0,0,1,1
46,ST,1,1,1,1,1,1,0,0,0,1,1,0,0,1,0,1,1,1,0,0,0,0,0,1,1
47,ST,1,1,1,1,1,0,0,0,1,1,0,0,0,1,0,1,0,1,0,0,0,0,0,1,1
48,ST,1,0,0,0,0,0,0,0,1,1,0,0,0,1,0,1,0,1,0,0,0,0,0,1,1
49,ST,1,1,1,0,1,0,1,0,1,1,1,0,0,1,1,1,1,1,0,0,0,0,0,1,0
50,CT,1,1,1,1,1,0,1,1,1,1,1,1,1,1,1,1,0,1,1,0,1,0,0,1,1
51,CT,1,0,0,0,0,0,1,1,1,1,1,1,1,1,1,1,0,1,1,0,1,0,0,0,1
52,CT,1,1,1,1,1,0,1,0,1,1,1,1,1,0,0,1,1,0,0,0,1,1,0,1,1
53,CT,1,1,1,1,1,0,1,1,0,0,1,1,0,0,0,1,0,0,0,0,1,0,0,1,1
54,CT,1,1,0,1,1,1,1,0,0,1,1,0,0,0,0,1,1,1,0,0,0,0,0,0,0
55,CT,1,0,1,1,0,0,1,0,1,1,0,0,0,0,0,1,0,0,0,0,1,0,0,1,0
56,CT,1,1,1,1,1,0,1,1,1,1,1,0,0,1,1,1,0,1,0,0,0,1,0,1,0
57,CT,1,0,0,0,0,0,1,1,1,1,1,0,1,0,0,0,1,0,1,0,0,0,0,0,0
58,CT,1,1,1,1,1,0,1,1,1,0,1,0,0,1,1,0,0,1,0,0,0,1,0,1,0
59,ST,1,0,0,0,0,0,0,1,1,1,0,0,0,0,0,0,0,1,0,0,0,0,0,1,0
60,ST,1,0,1,1,1,0,0,1,1,1,0,0,0,1,1,0,0,1,0,0,0,0,0,1,0
61,ST,0,0,0,0,0,0,0,1,1,1,0,0,0,0,0,0,0,0,0,0,0,0,1,1,0
62,ST,1,1,1,0,1,0,1,1,1,1,1,0,0,0,1,0,1,1,0,0,0,0,0,1,0
63,ST,1,0,0,0,0,0,0,1,1,1,0,0,0,0,0,0,0,0,0,0,0,0,0,0,0
64,CT,1,1,1,1,0,0,0,0,1,1,0,0,0,1,0,0,0,0,0,0,0,0,0,1,0
65,CT,1,1,0,1,1,0,1,0,0,0,1,0,0,0,0,1,1,0,0,0,0,1,0,0,0
66,CT,1,1,1,1,1,1,1,0,0,0,1,0,0,0,0,1,1,0,0,0,0,0,0,0,0
67,CT,1,1,0,0,1,0,1,0,1,1,0,0,0,1,0,1,0,1,1,0,0,0,0,0,0
68,CT,1,1,1,1,0,0,1,0,0,1,1,0,0,0,0,1,1,1,0,0,0,1,0,0,0
69,ST,1,0,1,0,0,0,1,0,1,0,0,0,0,0,0,1,0,0,1,0,0,0,0,0,0
70,ST,1,1,1,0,1,0,1,0,1,0,0,0,0,1,0,1,0,0,0,0,0,0,0,0,0
71,CT,1,1,1,0,0,0,1,0,0,1,0,0,0,0,0,1,0,1,0,0,0,0,0,1,0
72,ST,1,1,1,1,0,0,1,1,1,1,0,0,0,1,1,1,1,1,0,0,0,0,0,0,1
73,ST,0,1,0,0,0,0,1,1,1,1,0,0,0,0,1,1,0,1,1,0,0,0,1,1,0
74,ST,1,1,1,1,0,0,1,1,0,0,1,0,0,0,1,0,0,0,0,0,1,1,0,0,0
75,ST,0,0,0,0,0,0,1,1,0,0,1,0,1,0,0,1,1,0,0,1,0,0,0,0,0
76,CT,1,1,0,1,0,0,1,1,0,0,1,0,0,0,1,1,1,0,0,0,0,0,0,1,0
77,CT,1,1,1,1,0,0,1,1,0,1,0,0,0,0,1,1,0,1,0,0,0,0,0,1,0
78,CT,1,1,1,1,1,0,1,0,1,0,0,0,0,1,0,1,0,0,0,0,0,0,0,1,0
79,CT,1,1,1,1,0,0,1,1,0,0,1,0,0,0,1,1,1,0,0,0,0,0,0,1,0
80,CT,1,1,1,1,0,0,0,1,1,0,0,0,0,1,1,0,0,0,0,0,0,0,0,1,0
81,ST,0,0,0,0,0,0,0,0,1,1,1,0,0,1,0,0,0,1,0,0,0,0,0,1,1
82,ST,1,0,0,0,1,0,0,1,1,1,0,0,0,1,1,0,0,1,0,0,0,0,0,1,0
83,ST,1,0,1,0,1,0,0,1,0,1,0,0,0,0,0,0,0,0,0,0,0,0,0,0,0
84,ST,1,1,1,1,0,0,1,0,0,1,0,0,0,0,0,1,0,1,0,0,1,0,0,0,0
85,ST,0,0,0,0,0,0,1,1,0,1,1,0,0,0,1,1,1,0,0,0,0,0,0,0,0
86,ST,1,1,1,0,0,0,1,0,1,0,0,1,0,0,0,0,0,0,1,0,1,0,1,0,0
87,ST,0,0,0,0,0,0,1,1,1,0,0,0,0,1,1,1,0,0,0,0,0,0,0,1,0
88,ST,0,0,0,0,0,0,1,1,1,0,0,0,0,0,0,0,0,0,0,0,1,0,0,1,0
89,ST,1,1,0,1,0,0,0,1,0,0,0,0,0,0,1,0,0,0,0,0,0,0,0,1,0
90,ST,1,1,0,1,0,0,1,0,0,0,0,0,0,0,0,1,0,0,0,0,0,0,0,0,1
91,ST,1,1,0,1,0,0,1,0,0,0,0,0,0,0,0,1,0,0,0,0,0,0,0,0,1
92,ST,1,1,1,1,1,0,0,0,1,1,0,0,0,1,0,0,0,1,0,0,0,0,0,1,0
93,ST,0,0,0,0,0,0,0,0,1,1,0,0,0,0,0,0,0,0,1,0,0,0,1,1,0
94,ST,1,0,0,0,0,0,1,0,0,1,0,1,0,0,0,1,0,1,0,0,0,0,0,1,1
95,CT,1,0,0,0,1,1,1,0,0,1,0,0,1,0,0,0,0,0,0,0,1,0,1,1,1
96,CT,1,1,1,1,0,0,1,0,1,1,0,1,0,1,0,1,0,1,1,0,0,0,0,1,0
97,CT,1,1,1,1,0,1,0,0,0,1,0,0,0,0,0,0,0,1,0,0,0,0,0,0,1
98,CT,1,1,1,1,1,0,1,1,0,1,0,0,0,1,1,0,0,0,0,0,0,1,0,1,0
99,CT,1,1,1,0,0,0,0,0,0,1,0,1,0,0,0,0,0,1,0,0,0,0,0,0,1
100,CT,1,1,1,0,0,0,1,0,0,1,1,0,1,0,0,0,0,1,0,0,1,1,0,1,0
101,ST,1,1,1,1,0,0,1,0,1,1,0,0,0,1,0,1,0,1,0,0,0,0,0,0,0
102,CT,0,0,0,0,0,0,1,0,0,1,1,1,1,0,0,1,1,1,1,0,0,0,0,1,1
103,CT,1,1,1,1,1,0,1,0,0,1,1,0,0,0,0,1,1,0,0,0,0,0,0,0,1
104,CT,0,0,0,0,0,0,0,0,0,1,1,1,0,0,0,0,1,1,0,0,0,0,0,0,0
105,CT,1,1,1,1,1,1,1,0,0,1,1,1,0,0,0,1,1,1,0,0,0,0,0,0,1
106,CT,1,1,1,1,1,1,0,0,0,1,1,0,0,0,0,0,1,1,0,0,0,0,0,0,1
107,CT,1,1,1,1,1,1,0,0,0,1,1,0,0,0,0,0,1,1,0,0,0,0,0,0,1
108,CT,1,1,1,1,1,1,0,0,0,1,1,0,0,0,0,0,1,1,0,0,0,0,0,0,1
109,CT,1,1,1,0,0,0,0,0,1,0,0,1,0,1,0,0,0,0,0,0,0,0,0,0,1
110,CT,1,0,0,0,1,0,1,0,0,0,0,0,0,0,0,1,0,0,0,0,1,0,0,0,0
111,CT,1,0,0,0,0,0,0,0,1,0,0,0,0,0,0,0,0,0,1,0,0,0,0,1,0
112,CT,1,0,0,0,0,0,1,0,0,1,0,0,0,0,0,1,0,1,0,0,0,0,0,0,1
113,CT,1,0,0,0,0,0,1,0,0,1,0,0,0,0,0,0,0,0,0,0,0,0,0,0,0
114,ST,1,0,0,0,1,0,0,0,1,1,0,1,0,1,0,0,0,0,0,0,0,0,1,1,0
115,ST,0,0,0,0,0,0,1,0,0,1,0,0,0,0,0,1,0,1,0,0,0,0,0,0,0
116,ST,1,0,0,0,0,0,0,0,1,1,0,0,0,1,0,0,0,1,0,0,0,0,0,0,0
117,CT,1,1,1,1,0,0,0,0,0,1,0,0,0,0,0,0,0,1,0,0,0,0,0,1,0
118,CT,1,1,1,1,0,0,1,0,0,1,0,0,0,0,0,1,0,1,0,0,0,0,0,0,1
119,ST,1,1,1,1,1,0,1,1,0,1,1,0,0,0,1,1,1,1,0,0,0,0,0,0,0
120,CT,1,1,1,1,0,0,1,0,1,1,0,0,0,1,0,1,0,1,0,0,0,0,0,1,0
121,CT,1,1,0,1,0,0,1,0,0,0,0,0,1,0,0,1,0,0,0,0,1,0,0,0,1
122,ST,0,0,0,0,0,0,0,0,0,1,0,0,0,0,0,0,0,1,0,0,0,0,0,0,0
123,CT,1,1,1,1,0,0,1,0,1,1,1,0,0,1,0,1,1,1,0,0,0,0,0,1,0
124,CT,1,1,1,1,1,1,0,0,0,1,1,0,0,0,0,0,1,1,0,0,0,0,0,1,1
125,CT,1,1,1,1,1,1,0,0,0,1,1,0,0,0,0,0,1,1,0,0,0,0,0,0,1
126,CT,1,1,0,1,1,1,0,0,0,1,1,0,0,0,0,0,1,1,0,0,0,0,0,0,1
127,CT,1,1,1,1,1,1,0,0,0,1,1,0,0,0,0,0,1,1,0,0,0,0,0,0,1
128,CT,1,1,1,1,1,0,0,0,0,1,1,1,0,0,0,0,1,1,0,0,0,0,0,0,1
129,CT,1,1,1,1,1,0,0,1,1,0,1,0,0,0,0,0,0,1,0,0,0,0,0,0,0
130,CT,1,1,1,1,1,0,1,0,0,1,1,0,0,0,0,0,1,1,0,0,1,0,0,0,1
131,CT,1,1,1,1,1,0,1,0,0,1,0,0,0,0,0,1,0,1,0,0,0,0,0,0,1
132,CT,1,1,1,1,1,1,1,1,1,1,1,1,0,0,0,0,1,1,1,0,1,0,0,0,0
133,CT,1,1,1,1,1,0,1,1,0,1,1,1,1,0,0,0,1,0,1,0,1,0,1,0,0
134,CT,1,1,1,1,1,0,0,0,1,1,1,1,0,0,0,0,0,1,1,0,0,1,1,1,0
135,CT,0,0,0,0,0,0,0,0,1,1,0,0,1,0,0,0,0,0,1,0,0,0,1,0,0
136,CT,1,1,1,1,1,0,0,0,0,1,0,0,0,0,0,0,0,1,0,0,0,0,0,0,0
137,CT,0,0,0,0,0,0,1,0,1,1,0,1,1,0,0,0,0,1,1,0,1,0,0,0,0
138,CT,0,0,0,0,0,0,1,0,1,1,0,1,0,0,0,1,0,1,1,0,1,0,0,0,0
139,CT,1,1,1,1,1,0,1,0,1,0,1,0,0,0,0,1,0,0,0,0,0,0,0,0,1
140,CT,0,0,0,0,0,0,1,0,1,0,1,1,1,0,0,0,0,0,1,0,1,0,0,0,1
141,CT,0,0,0,0,0,0,0,0,1,0,0,0,0,0,0,0,0,0,1,0,0,0,0,0,0
142,CT,1,1,1,1,1,0,0,0,0,1,1,0,0,0,0,0,1,1,0,0,0,0,0,0,1
143,CT,0,0,0,0,0,0,0,0,0,1,1,0,1,0,0,0,0,0,0,0,0,1,1,0,1
144,CT,1,1,1,1,0,0,1,0,1,1,0,0,0,1,0,1,1,1,0,0,0,0,0,1,1
145,ST,0,1,0,1,1,0,1,1,0,1,0,0,0,1,1,1,0,1,0,0,0,0,0,1,1
146,ST,0,0,0,0,0,0,0,0,0,1,0,0,1,0,0,0,0,1,0,0,0,0,0,1,0
147,ST,0,0,0,0,0,0,0,1,1,0,0,0,0,1,0,0,1,0,1,1,0,1,0,0,0
148,CT,1,1,1,1,0,0,1,0,1,1,0,0,0,1,0,1,0,1,0,0,0,0,0,1,1
149,ST,1,0,0,0,0,0,0,1,0,1,0,0,0,0,0,0,0,0,1,1,0,0,1,0,1
150,CT,0,0,0,0,0,0,1,0,0,1,1,0,1,0,0,0,0,0,1,0,0,0,1,0,1
151,CT,1,1,1,1,0,0,1,0,0,1,1,0,1,0,0,1,0,1,0,0,1,0,0,0,1
152,ST,1,1,1,0,0,0,1,0,0,1,0,0,1,0,0,1,0,1,0,0,1,0,0,0,1
153,ST,0,0,0,0,0,0,0,0,1,0,0,0,0,1,0,0,0,0,1,0,0,0,0,0,1
154,ST,0,0,0,0,0,0,0,0,1,1,0,1,0,0,0,0,0,0,1,0,1,0,0,1,0
155,ST,0,0,0,0,0,0,1,0,0,0,0,0,0,0,0,1,0,0,0,0,0,0,0,0,0
156,CT,1,1,1,1,0,0,1,0,0,1,0,0,0,0,0,1,0,1,0,0,0,0,0,1,1
157,ST,0,0,0,0,1,0,0,0,0,1,0,0,0,0,0,0,0,1,0,0,0,0,0,1,1
158,ST,1,0,1,0,1,1,0,0,0,1,0,0,0,0,0,0,0,1,0,0,0,0,0,0,0
159,ST,1,1,1,1,0,0,0,0,0,1,0,0,0,1,0,0,0,1,0,0,0,0,0,0,1
160,ST,0,0,0,0,0,0,1,0,1,0,0,0,0,0,0,1,0,0,0,0,0,0,0,1,0
161,ST,1,1,1,1,0,0,0,0,1,1,0,0,0,0,0,0,0,1,0,0,0,0,1,1,0
162,CT,1,1,1,1,1,0,0,1,0,1,1,1,1,0,1,0,0,0,1,1,1,1,1,0,1
163,ST,0,0,0,0,0,0,1,1,1,1,1,0,0,0,0,0,0,0,0,1,1,0,0,0,0
164,ST,1,1,0,0,1,1,1,1,0,1,0,0,0,0,1,1,0,1,0,0,0,0,0,1,0
165,ST,1,1,1,1,0,0,1,1,0,1,0,0,0,0,1,1,0,1,0,0,0,0,0,1,1
166,ST,1,1,1,1,0,0,1,0,1,1,0,0,0,1,0,1,0,0,0,0,0,0,0,1,0
167,ST,0,0,0,0,0,0,1,0,0,1,0,0,0,0,0,0,0,0,0,0,1,0,1,0,0
168,ST,1,1,0,1,0,0,0,0,1,0,0,0,1,1,0,0,0,0,0,0,0,0,1,0,0
169,CT,1,1,1,1,0,0,1,0,0,1,0,0,0,0,0,0,0,0,0,0,0,1,1,0,1
170,CT,1,1,1,1,0,0,0,0,1,1,0,0,0,1,0,0,0,1,0,0,0,0,0,1,0
171,ST,1,1,0,0,0,0,0,0,1,0,0,0,0,1,0,1,0,0,0,0,0,0,0,1,0
172,ST,1,0,1,0,0,0,1,0,1,1,0,0,0,0,0,1,0,1,0,0,0,0,0,1,0
173,ST,0,0,0,0,0,0,1,1,0,0,0,0,0,0,1,0,0,0,0,0,1,0,0,0,0
174,ST,1,1,1,1,0,0,0,1,0,1,0,0,0,0,0,0,0,1,0,0,0,0,0,0,0
175,CT,1,1,1,1,0,0,0,0,1,1,0,0,0,1,0,0,0,1,0,0,0,0,0,1,0
176,CT,0,0,0,0,0,0,0,0,1,1,0,0,0,1,0,0,0,1,0,0,0,0,0,1,0
177,ST,1,1,1,1,0,0,0,1,1,1,0,0,0,0,1,0,0,1,0,0,0,0,0,0,0
178,ST,0,0,0,0,1,1,1,0,1,1,0,0,0,1,0,1,0,1,0,0,1,0,0,0,0
179,CT,1,1,1,1,0,0,1,1,0,1,0,0,0,1,1,1,0,0,0,0,0,0,0,1,0
180,ST,1,1,1,1,1,1,1,0,1,1,0,0,0,0,0,1,0,0,0,0,0,0,0,0,0
181,ST,1,1,1,1,0,1,1,0,1,1,1,0,0,1,0,1,0,0,0,0,0,1,0,0,1
182,ST,0,0,0,0,0,0,1,0,1,1,1,0,0,0,0,1,1,0,0,0,1,0,0,1,0
183,CT,1,1,1,1,0,0,1,0,0,1,1,1,1,0,0,1,1,0,1,0,0,0,0,0,1
184,CT,1,0,1,0,0,0,1,0,0,1,1,0,1,0,0,1,1,1,0,0,1,0,1,0,1
185,ST,0,0,0,0,0,0,1,0,1,1,0,0,0,0,0,1,0,1,0,0,0,0,0,1,0
186,ST,0,0,0,0,0,0,1,0,0,1,0,1,0,0,0,1,0,1,1,0,1,0,0,1,1
187,CT,1,1,0,0,1,0,1,0,0,0,1,0,1,1,0,1,1,1,1,0,0,0,0,0,1
188,CT,1,1,1,1,1,0,1,0,0,1,1,0,0,0,0,0,1,1,0,0,0,0,0,0,0
189,CT,1,1,1,1,0,0,0,0,0,1,1,0,1,0,0,0,1,1,1,0,0,0,0,0,0
190,CT,1,0,1,0,0,0,0,0,0,1,1,0,1,0,0,0,1,1,1,0,0,0,0,0,0
191,ST,0,0,0,0,0,1,1,0,1,1,1,0,0,1,0,1,1,1,0,0,0,0,0,1,0
192,CT,1,1,1,1,1,0,1,0,0,1,0,0,0,1,0,1,0,1,0,0,0,0,0,1,1
193,CT,0,0,0,0,0,0,1,0,0,1,0,1,1,0,0,0,0,0,1,0,1,0,0,0,0
194,CT,0,0,0,0,0,0,0,1,0,1,0,0,0,1,0,0,0,1,0,0,0,0,0,1,0
195,CT,1,1,1,1,1,1,1,0,1,0,1,0,0,1,0,1,1,0,0,0,0,0,0,1,0
196,CT,1,1,1,1,1,0,0,0,1,1,1,1,0,1,0,0,1,0,0,0,0,0,0,0,1
197,CT,1,0,1,0,0,0,1,1,0,0,1,0,1,0,1,1,1,1,0,0,0,0,0,0,1
198,CT,1,1,1,1,0,0,1,0,0,1,1,0,0,0,0,1,1,1,0,0,0,0,0,0,1
199,CT,0,0,0,0,0,0,1,0,0,1,1,1,0,0,0,1,1,1,1,0,0,0,0,0,1
200,ST,0,0,0,0,0,0,1,0,1,1,0,0,0,0,0,1,0,1,1,1,1,0,0,1,0
201,ST,1,1,1,0,0,0,0,0,1,1,0,1,0,0,0,0,0,1,0,0,0,0,0,0,0
202,ST,0,0,0,0,0,0,1,1,1,0,1,0,0,1,0,1,0,0,0,0,0,0,0,1,0
203,CT,1,1,1,1,0,0,0,1,0,1,1,0,1,0,1,1,1,1,1,0,1,1,0,0,0
204,CT,1,1,1,1,0,0,0,1,0,1,0,0,0,0,0,0,0,0,0,0,0,0,1,0,0
205,CT,1,1,1,1,0,0,0,1,0,1,0,0,0,0,1,0,0,1,0,0,0,0,1,1,1
206,ST,1,1,1,1,1,0,0,1,0,1,1,0,0,0,1,0,0,1,0,0,0,1,0,1,0
207,CT,1,1,1,1,0,0,0,1,1,1,1,0,0,1,0,0,1,1,0,0,0,0,0,0,0
208,CT,1,1,1,1,0,0,0,1,1,0,0,0,0,0,0,0,0,1,0,0,0,0,0,1,0
209,CT,1,1,1,1,0,0,0,0,0,1,1,0,0,0,0,0,0,1,0,0,0,0,0,0,1
210,ST,1,1,1,0,0,0,0,0,0,1,0,0,0,0,0,0,0,1,0,0,0,0,0,0,1
211,CT,1,1,0,0,1,0,1,0,0,1,1,0,1,0,0,1,0,0,0,0,1,0,1,0,1
212,ST,1,1,1,0,0,0,0,1,0,1,0,0,1,0,0,0,0,1,0,0,0,0,1,0,0
213,ST,1,1,1,1,1,1,1,1,1,1,1,0,0,1,1,1,1,1,0,0,0,0,0,1,0
214,ST,1,1,1,0,0,1,1,0,1,1,1,0,0,1,0,1,1,1,1,0,0,0,0,0,1
215,ST,1,1,1,1,0,1,1,0,1,0,1,0,0,1,0,1,1,0,0,0,0,0,0,0,1
216,ST,0,0,0,0,0,1,0,0,0,0,1,0,1,0,0,0,1,0,1,0,1,1,0,0,0
217,CT,1,1,1,0,0,0,1,0,1,1,1,0,0,0,0,0,1,0,0,0,1,0,0,1,0
218,CT,1,1,1,1,0,0,0,0,0,1,1,0,0,0,0,1,1,1,1,0,0,0,0,0,0
219,CT,0,0,0,0,0,0,0,0,0,1,1,1,0,0,0,0,1,0,1,0,0,0,0,0,1
220,CT,1,1,1,0,1,0,0,0,0,1,1,0,1,0,0,0,0,0,0,0,1,1,0,0,0
221,CT,1,1,1,0,1,0,0,0,0,1,0,0,0,0,0,0,0,0,0,0,0,0,1,0,0
222,CT,0,0,0,0,0,0,0,0,0,1,1,1,1,0,0,1,1,1,1,0,0,1,0,0,0
223,CT,1,1,1,1,0,0,0,0,0,1,1,1,1,0,0,1,0,1,0,0,0,0,0,1,0
224,CT,1,1,1,0,0,0,0,0,0,1,1,1,0,1,0,0,0,0,1,0,0,0,0,1,0
225,CT,1,1,1,1,1,1,0,0,0,1,1,1,1,0,1,0,0,1,0,0,1,1,0,0,1
226,ST,0,1,0,0,1,1,0,0,0,1,1,1,0,0,0,1,0,1,0,0,1,1,0,0,0
227,ST,1,1,0,1,1,1,0,0,0,1,1,0,1,0,0,0,1,1,0,0,0,0,0,0,1
228,CT,1,1,1,1,1,0,0,1,0,0,0,0,0,1,1,0,0,0,0,0,0,0,0,0,1
229,CT,1,1,1,1,1,0,1,1,1,0,1,0,0,1,1,1,1,0,1,0,0,0,0,0,1
230,CT,1,1,1,1,1,0,0,0,0,1,0,0,1,1,0,1,0,1,1,0,0,0,0,0,0
231,CT,1,1,1,1,1,0,0,0,1,1,0,0,0,1,0,0,0,0,0,0,0,0,0,1,0
232,CT,0,0,0,0,0,0,0,0,1,1,0,0,1,0,0,0,0,0,1,0,0,0,0,1,0
233,CT,0,0,0,0,0,0,1,0,1,1,1,1,1,0,0,0,1,0,1,0,1,0,1,0,0
234,CT,1,1,1,1,1,0,1,0,1,1,1,0,0,1,0,1,0,0,0,0,0,0,0,1,0
235,CT,1,1,1,1,1,1,0,0,1,1,0,0,0,0,0,0,0,1,0,0,0,0,0,1,0
236,ST,1,1,1,0,1,0,0,0,0,1,0,0,0,0,0,1,0,1,1,0,0,0,0,0,0
237,ST,1,1,1,0,1,0,0,0,0,1,0,0,0,0,0,1,0,0,0,0,0,0,1,0,0
238,CT,0,0,0,0,1,1,0,1,0,0,1,0,0,0,1,0,1,0,0,1,0,0,0,0,0
239,ST,1,0,0,0,1,1,0,1,0,1,1,0,0,0,1,0,0,1,0,0,0,1,0,1,0
240,CT,1,1,1,0,0,0,0,0,0,1,0,0,1,0,0,0,0,1,0,0,0,0,0,0,0
241,ST,1,1,1,0,1,0,0,0,0,1,0,0,0,0,0,0,0,0,0,0,1,1,0,0,0
242,CT,1,1,1,0,0,0,0,0,0,1,1,1,0,0,0,0,0,1,1,0,0,1,0,0,0
243,CT,1,1,1,0,0,0,0,0,0,1,1,0,1,1,0,1,1,0,1,0,1,0,0,0,0
244,CT,1,1,1,1,0,0,1,0,0,1,1,0,0,0,0,1,1,1,0,0,0,0,0,1,0
245,ST,1,1,1,1,1,1,1,0,0,1,0,0,0,0,1,1,0,1,0,0,0,0,0,0,0
246,CT,0,0,0,0,1,1,1,0,1,1,1,0,0,1,0,1,1,1,0,0,0,0,0,0,0
247,CT,1,1,1,0,0,0,0,0,0,1,0,0,0,0,0,0,0,1,0,0,0,0,0,1,0
248,CT,0,0,0,0,0,0,0,0,0,1,0,1,1,0,0,0,0,1,1,0,0,0,0,0,0
249,CT,0,0,0,0,1,1,0,0,1,0,0,0,0,1,0,0,0,0,1,0,0,0,0,0,0
250,CT,0,0,0,0,1,1,0,0,1,0,0,0,0,0,0,1,0,0,0,0,0,0,0,0,0
251,CT,1,1,1,0,1,1,1,0,0,0,1,1,0,0,0,1,1,0,0,0,0,0,0,0,0
252,CT,1,1,1,1,1,0,0,0,1,0,1,0,0,1,0,1,0,0,0,0,0,0,0,0,0
253,CT,0,1,0,0,1,0,0,1,0,0,0,1,0,0,0,1,0,1,0,1,1,0,0,0,0
254,ST,1,1,1,1,1,1,1,1,0,0,1,0,0,0,1,1,1,0,0,0,1,0,0,1,0
255,ST,1,1,1,1,1,1,1,0,0,0,1,0,1,0,0,0,0,0,0,0,1,1,0,0,0
256,ST,1,1,1,1,1,1,0,0,0,0,1,0,1,0,0,0,1,0,0,0,0,1,0,0,0
257,ST,1,1,0,0,1,1,0,0,0,1,0,1,1,0,0,0,0,1,0,0,0,0,0,0,0
258,ST,0,0,0,0,0,1,0,0,0,1,0,0,0,0,0,0,0,0,1,0,0,0,0,0,0
259,ST,1,0,0,0,1,1,0,0,0,1,0,0,0,0,0,0,0,1,0,0,0,0,0,0,0
260,ST,0,0,0,0,0,1,0,0,1,0,0,0,0,1,0,0,0,1,1,0,0,0,0,0,0
261,ST,0,0,0,0,0,1,0,0,0,0,1,0,0,0,0,0,0,0,0,0,0,1,0,0,0
262,ST,1,1,1,0,0,1,1,0,0,1,0,0,0,0,0,1,1,1,0,0,0,0,0,0,1
263,ST,1,1,1,1,1,1,1,0,0,0,0,0,0,0,0,1,0,0,1,0,1,0,0,0,0
264,ST,1,1,1,1,1,1,1,0,0,0,1,0,1,0,0,0,0,0,0,0,0,1,0,0,0
265,ST,0,0,0,0,1,0,1,0,0,0,0,0,0,0,0,1,0,1,0,0,1,0,0,0,0
266,ST,1,1,1,1,0,0,1,0,0,0,0,0,0,0,0,1,0,1,0,0,0,0,0,1,0
267,ST,1,1,1,1,1,0,1,0,0,0,1,0,0,0,0,1,1,0,0,0,0,0,0,0,0
268,ST,1,1,1,0,0,0,0,0,0,1,0,0,0,1,0,0,0,1,0,0,0,0,0,0,0
269,ST,0,0,0,0,0,0,0,1,0,1,0,0,1,0,0,0,0,1,0,0,0,0,0,1,0
270,ST,1,1,0,0,1,0,0,0,1,1,0,0,0,0,0,0,0,1,0,0,0,0,0,0,0
271,ST,1,1,1,1,1,1,1,1,1,1,1,1,0,1,1,0,0,1,1,0,0,0,0,1,1
272,ST,1,1,1,0,1,0,0,0,0,1,1,0,0,0,0,0,0,1,0,0,0,0,0,1,0
273,ST,0,1,0,0,1,0,0,1,0,0,0,0,0,0,0,0,0,0,0,0,0,0,0,1,0
274,ST,1,1,1,0,0,0,0,1,0,1,0,0,0,0,0,0,0,1,0,0,0,0,0,1,0
275,CT,0,0,0,0,0,0,0,1,1,0,1,0,1,1,1,0,0,1,0,0,0,1,0,0,1
276,CT,0,0,0,0,0,0,0,1,0,1,0,0,0,0,1,0,0,1,0,0,0,0,0,0,0
277,ST,1,1,1,1,0,0,0,1,0,1,0,0,0,0,1,0,0,1,0,0,0,0,0,1,0
278,ST,1,1,1,1,0,0,1,1,0,1,0,0,1,0,0,1,0,1,0,0,0,0,1,0,0
279,ST,1,1,1,1,1,0,0,0,1,1,0,0,0,0,0,0,0,1,0,0,0,0,0,0,1
280,ST,1,1,1,1,1,0,0,1,1,1,0,0,0,0,0,1,0,1,0,0,0,0,1,0,0
281,CT,0,0,0,0,0,0,0,1,0,1,0,0,0,0,1,0,0,0,0,0,0,0,0,1,0
282,CT,1,1,1,0,0,0,0,0,0,1,1,0,0,0,0,0,1,1,0,0,1,0,0,0,1
283,CT,0,0,0,0,0,1,0,0,0,1,1,0,0,0,0,0,0,0,1,0,0,0,0,0,0
284,CT,1,1,1,1,0,0,0,1,0,1,1,0,0,1,0,1,0,1,0,0,0,0,0,1,1
285,CT,1,1,1,1,0,0,0,1,0,1,0,0,1,0,0,1,0,1,0,0,0,0,1,1,0
286,CT,1,1,1,1,0,0,0,0,0,1,1,0,1,0,0,0,1,1,0,0,0,0,0,0,0
287,CT,0,0,0,0,0,0,1,1,0,1,0,0,0,0,0,0,0,0,1,0,1,0,1,1,0
288,CT,1,1,1,1,0,1,0,0,0,1,0,0,0,0,0,1,0,1,0,0,0,0,0,0,1
289,ST,0,0,0,0,0,0,0,1,0,1,1,0,0,0,0,0,1,1,1,0,0,0,0,1,0
290,ST,1,1,0,1,0,0,0,0,0,1,0,0,0,0,0,0,0,1,0,0,0,0,0,1,0
291,CT,1,1,1,1,0,0,0,1,0,1,0,0,0,0,1,1,0,0,0,0,0,0,0,1,0
292,CT,1,1,1,1,0,1,1,1,0,1,1,0,0,0,0,1,1,0,0,0,1,0,0,1,0
293,ST,1,1,1,1,1,0,0,1,0,1,1,0,0,0,1,1,1,1,0,0,0,0,0,0,0
294,ST,1,1,0,0,0,0,0,0,1,0,0,0,0,0,0,1,0,1,0,0,0,0,0,0,0
295,ST,1,1,1,1,0,0,0,1,0,1,1,0,0,0,0,0,1,1,0,0,0,1,0,1,0
296,ST,1,1,1,1,1,0,0,1,0,1,0,0,0,0,0,0,0,1,0,0,0,0,0,1,0
297,CT,1,1,1,0,0,0,0,0,0,0,0,0,0,1,0,0,0,0,0,0,0,0,0,1,0
298,ST,1,1,1,1,1,1,0,1,1,1,1,0,0,1,1,1,0,1,0,0,0,0,0,0,0
299,ST,1,1,1,1,1,1,0,0,0,1,1,0,0,1,0,0,1,1,0,0,0,0,0,0,0
300,CT,0,1,1,0,1,1,0,0,0,1,1,1,0,0,0,0,1,1,0,0,1,0,0,0,0
301,CT,1,1,1,0,0,1,1,0,0,0,0,0,0,0,1,1,1,0,0,0,0,0,0,0,0
302,CT,1,0,1,0,0,0,0,0,0,1,0,0,0,0,1,0,0,0,0,0,0,0,0,0,0
303,CT,1,1,0,0,0,1,0,0,0,1,1,1,0,0,0,0,1,0,0,0,0,0,1,0,1
304,CT,1,1,1,1,0,1,0,0,0,1,0,1,0,0,0,1,1,1,0,0,0,1,1,0,0
305,CT,1,1,1,0,0,1,0,0,0,1,0,1,1,0,0,0,0,1,0,0,0,0,0,0,0
306,CT,1,0,1,0,0,0,0,0,0,0,1,0,1,0,0,0,1,0,1,0,0,0,0,0,1
307,CT,1,1,1,1,0,0,0,0,0,0,1,0,1,0,0,1,0,1,1,0,0,0,0,0,1
308,CT,1,1,1,1,0,0,0,0,0,0,1,0,0,0,0,0,0,0,0,0,0,0,1,0,0
309,ST,1,1,1,1,1,0,1,0,0,0,1,0,0,1,1,0,1,0,0,0,0,0,1,0,1
310,CT,1,1,1,1,0,0,0,0,0,1,1,0,0,0,0,1,1,0,0,0,0,0,0,0,0
311,ST,1,1,0,0,0,0,0,0,0,0,1,0,0,0,0,0,0,1,0,0,0,0,1,0,1
312,ST,1,1,1,0,0,0,1,0,0,0,0,0,0,0,0,1,0,0,0,0,0,0,0,0,1
313,CT,1,1,0,0,0,0,0,0,0,1,0,0,0,1,0,0,0,0,0,0,0,0,0,0,0
314,CT,1,1,1,1,0,0,1,0,0,1,0,0,0,0,0,1,0,1,0,0,0,0,0,1,0
315,CT,1,1,0,0,0,0,0,0,0,1,0,0,0,0,0,1,0,1,0,0,0,0,0,0,0
316,CT,1,1,0,1,0,0,1,0,0,1,0,0,0,0,0,1,0,1,0,0,0,0,0,1,0
317,CT,0,0,0,0,1,0,0,0,0,1,0,1,0,0,1,0,0,1,0,0,1,0,0,1,0
318,CT,1,1,1,1,1,0,1,0,0,0,0,0,0,0,0,1,1,0,0,0,1,0,0,0,0
319,CT,1,1,1,1,1,0,0,0,0,1,0,0,0,0,0,0,1,1,0,0,0,0,0,0,1
320,CT,0,0,0,0,0,0,0,0,0,1,0,0,1,0,0,0,0,0,1,0,1,0,0,0,0
321,CT,1,1,1,0,0,0,0,0,0,1,0,0,1,0,0,0,0,0,1,0,0,0,1,0,0
322,CT,0,0,0,0,0,0,0,0,0,1,0,0,1,0,0,0,0,0,1,0,0,0,0,0,0
323,CT,0,0,0,0,0,0,0,0,0,1,0,0,1,0,0,0,1,0,1,0,0,0,0,0,0
324,CT,1,1,1,1,0,0,0,0,0,1,0,0,0,0,0,1,1,0,0,0,0,0,0,0,0
325,CT,1,0,0,0,0,0,0,0,0,1,0,1,1,0,0,0,0,0,1,0,0,0,0,0,0
326,CT,1,1,1,0,0,0,0,0,0,1,0,0,1,0,0,0,0,0,1,0,0,0,0,0,0
327,CT,0,0,0,0,0,0,0,0,0,1,0,0,1,0,0,0,0,0,1,0,0,0,0,0,0
328,CT,1,1,1,0,0,0,0,0,0,1,0,0,1,0,0,1,0,0,1,0,0,0,0,0,0
329,CT,0,0,0,0,0,0,0,0,0,0,1,0,0,1,0,0,0,0,0,1,0,1,0,0,0
330,CT,1,0,0,0,0,0,0,0,0,1,0,0,0,0,0,0,0,0,0,1,0,0,0,0,0
331,CT,1,0,0,0,0,0,0,0,0,1,0,0,0,0,0,0,0,0,0,1,0,0,0,0,0
332,ST,1,1,1,1,1,1,0,1,0,0,0,0,0,0,1,0,1,0,0,0,0,0,0,0,0
333,ST,1,0,0,0,0,1,0,1,0,0,1,0,1,0,1,1,0,0,0,0,0,0,0,0,0
334,ST,1,1,1,1,0,0,1,0,0,1,1,0,0,0,0,1,1,1,0,0,0,1,0,0,0
335,ST,1,1,1,1,1,1,0,0,0,1,1,0,0,0,0,0,1,0,0,0,0,1,0,0,0
336,ST,1,1,1,1,1,1,1,0,0,0,1,0,0,0,0,1,1,1,0,0,0,0,0,0,0
337,ST,1,1,1,1,1,1,1,1,0,0,1,0,0,0,0,1,0,0,0,0,0,1,0,0,0
338,ST,1,1,1,1,1,1,1,0,0,0,1,1,0,0,0,1,1,1,1,0,0,0,0,0,0
339,ST,1,1,1,1,1,1,1,0,0,1,1,0,1,0,1,1,1,1,1,0,1,0,0,0,0
340,ST,1,1,1,1,1,1,0,0,0,1,1,0,0,0,0,0,1,1,0,0,0,0,0,1,0
341,ST,1,1,1,1,1,1,1,0,0,0,1,0,0,0,1,1,1,0,0,0,0,0,0,1,0
342,ST,1,1,1,1,0,1,1,0,0,0,1,0,0,0,0,1,1,0,0,0,0,0,0,0,0
343,ST,0,0,0,0,0,1,0,0,0,1,1,0,0,0,0,0,0,0,1,0,1,0,0,0,0
344,ST,1,1,1,1,0,1,0,0,0,1,1,0,0,0,0,1,1,0,0,0,0,1,0,0,0
345,ST,1,1,1,1,1,1,1,0,0,0,1,0,0,0,0,1,1,1,0,0,0,0,0,0,0